{
  "mAP": 0.8598558060376741,
  "AP": {
    "aeroplane": 0.9122384379869409,
    "bicycle": 0.9014171497807872,
    "bird": 0.9123162889565676,
    "boat": 0.894005041720125,
    "bottle": 0.6935035482072351,
    "bus": 0.8563297259690831,
    "car": 0.9119885528937057,
    "cat": 0.9090746138467787,
    "chair": 0.7417165710146154,
    "cow": 0.833283408735755,
    "diningtable": 0.8144258555061746,
    "dog": 0.9083989325817854,
    "horse": 0.903834072425605,
    "motorbike": 0.891779492159738,
    "person": 0.944521283848892,
    "pottedplant": 0.7413518676120373,
    "sheep": 0.8859922685953946,
    "sofa": 0.7834383663172613,
    "train": 0.910372916843505,
    "tvmonitor": 0.847127725751495
  },
  "ap_mode": "voc2007",
  "fit_svm": true,
  "svm_C": 1.0,
  "svm_solver": "liblinear",
  "svm_fit_intercept": false,
  "svm_normalize_per_view": true,
  "standardize": false,
  "test_scales": [480, 576, 688, 864, 1200],
  "test_flip": true,
  "checkpoint": "outputs/g15_final_results/best_85_99.pt",
  "preset": "vgg16-paper-final"
}
